year_week,region,category,total_units,holiday_peak_flag,prime_event_flag,marketing_push_flag,demand_yoy_growth_pct
2024-W01,East,KITCHEN,32.0,0,1,0,
2024-W01,East,TOYS,134.0,0,1,1,
2024-W01,North,BEAUTY,46.0,0,1,0,
2024-W01,North,ELECTRONICS,76.0,0,1,0,
2024-W01,North,KITCHEN,107.0,0,1,1,
2024-W01,North,PET,18.0,0,1,0,
2024-W01,North,TOYS,34.0,0,1,0,
2024-W01,South,ELECTRONICS,141.0,0,1,1,
2024-W01,South,HOME,50.0,0,1,1,
2024-W01,South,KITCHEN,78.0,0,1,1,
2024-W01,South,PET,124.0,0,1,0,
2024-W01,South,TOYS,151.0,0,1,1,
2024-W01,West,ELECTRONICS,84.0,0,1,0,
2024-W01,West,HOME,62.0,0,1,0,
2024-W01,West,TOYS,127.0,0,1,0,
2024-W27,East,KITCHEN,33.0,0,1,0,
2024-W27,West,HOME,31.0,0,1,0,
2024-W28,East,ELECTRONICS,59.0,0,1,0,
2024-W28,West,ELECTRONICS,35.0,0,1,0,
2024-W28,West,HOME,43.0,0,1,0,
2024-W29,East,ELECTRONICS,60.0,0,1,0,
2024-W29,East,HOME,39.0,0,1,0,
2024-W29,East,PET,69.0,0,1,0,
2024-W29,North,PET,109.0,0,1,0,
2024-W29,West,ELECTRONICS,56.0,0,1,0,
2024-W29,West,PET,40.0,0,1,0,
2024-W30,East,BEAUTY,47.0,0,1,1,
2024-W30,North,KITCHEN,36.0,0,1,1,
2024-W30,South,ELECTRONICS,90.0,0,1,1,
2024-W30,South,HOME,30.0,0,1,1,
2024-W30,South,KITCHEN,154.0,0,1,1,
2024-W30,South,TOYS,32.0,0,1,1,
2024-W30,West,ELECTRONICS,39.0,0,1,0,
2024-W30,West,PET,31.0,0,1,0,
2024-W31,East,BEAUTY,57.0,0,1,1,
2024-W31,East,ELECTRONICS,140.0,0,1,0,
2024-W31,East,PET,28.0,0,1,0,
2024-W31,North,BEAUTY,46.0,0,1,0,
2024-W31,North,ELECTRONICS,72.0,0,1,0,
2024-W31,North,PET,47.0,0,1,0,
2024-W31,South,HOME,29.0,0,1,1,
2024-W31,South,PET,33.0,0,1,0,
2024-W31,West,ELECTRONICS,105.0,0,1,0,
2024-W31,West,HOME,43.0,0,1,0,
2024-W31,West,TOYS,54.0,0,1,0,
2024-W32,East,ELECTRONICS,160.0,0,1,0,
2024-W32,East,HOME,67.0,0,1,0,
2024-W32,East,KITCHEN,65.0,0,1,0,
2024-W32,East,PET,53.0,0,1,0,
2024-W32,East,TOYS,72.0,0,1,1,
2024-W32,North,BEAUTY,62.0,0,1,0,
2024-W32,North,ELECTRONICS,113.0,0,1,0,
2024-W32,North,HOME,31.0,0,1,1,
2024-W32,North,KITCHEN,46.0,0,1,1,
2024-W32,South,ELECTRONICS,33.0,0,1,1,
2024-W32,South,HOME,68.0,0,1,1,
2024-W32,South,KITCHEN,64.0,0,1,1,
2024-W32,South,TOYS,31.0,0,1,1,
2024-W32,West,ELECTRONICS,86.0,0,1,0,
2024-W32,West,HOME,21.0,0,1,0,
2024-W32,West,KITCHEN,27.0,0,1,1,
2024-W32,West,PET,109.0,0,1,0,
2024-W32,West,TOYS,54.0,0,1,0,
2024-W33,East,BEAUTY,47.0,0,1,1,
2024-W33,East,ELECTRONICS,35.0,0,1,0,
2024-W33,East,KITCHEN,44.0,0,1,0,
2024-W33,East,PET,32.0,0,1,0,
2024-W33,East,TOYS,26.0,0,1,1,
2024-W33,North,ELECTRONICS,101.0,0,1,0,
2024-W33,North,HOME,98.0,0,1,1,
2024-W33,North,KITCHEN,33.0,0,1,1,
2024-W33,North,PET,40.0,0,1,0,
2024-W33,North,TOYS,33.0,0,1,0,
2024-W33,South,ELECTRONICS,56.0,0,1,1,
2024-W33,South,HOME,28.0,0,1,1,
2024-W33,South,PET,56.0,0,1,0,
2024-W33,South,TOYS,27.0,0,1,1,
2024-W33,West,BEAUTY,27.0,0,1,0,
2024-W33,West,ELECTRONICS,40.0,0,1,0,
2024-W33,West,HOME,44.0,0,1,0,
2024-W33,West,KITCHEN,64.0,0,1,1,
2024-W34,East,ELECTRONICS,61.0,0,1,0,
2024-W34,East,HOME,115.0,0,1,0,
2024-W34,East,KITCHEN,29.0,0,1,0,
2024-W34,East,TOYS,60.0,0,1,1,
2024-W34,North,ELECTRONICS,75.0,0,1,0,
2024-W34,North,HOME,104.0,0,1,1,
2024-W34,North,KITCHEN,63.0,0,1,1,
2024-W34,North,TOYS,34.0,0,1,0,
2024-W34,South,ELECTRONICS,274.0,0,1,1,
2024-W34,South,KITCHEN,74.0,0,1,1,
2024-W34,South,PET,70.0,0,1,0,
2024-W34,West,BEAUTY,64.0,0,1,0,
2024-W34,West,ELECTRONICS,65.0,0,1,0,
2024-W34,West,KITCHEN,56.0,0,1,1,
2024-W34,West,TOYS,55.0,0,1,0,
2024-W35,East,ELECTRONICS,84.0,0,1,0,
2024-W35,East,HOME,71.0,0,1,0,
2024-W35,East,KITCHEN,51.0,0,1,0,
2024-W35,East,PET,50.0,0,1,0,
2024-W35,North,BEAUTY,72.0,0,1,0,
2024-W35,North,ELECTRONICS,144.0,0,1,0,
2024-W35,North,TOYS,59.0,0,1,0,
2024-W35,South,BEAUTY,33.0,0,1,1,
2024-W35,South,ELECTRONICS,64.0,0,1,1,
2024-W35,South,HOME,76.0,0,1,1,
2024-W35,South,KITCHEN,46.0,0,1,1,
2024-W35,South,PET,24.0,0,1,0,
2024-W35,South,TOYS,18.0,0,1,1,
2024-W35,West,ELECTRONICS,224.0,0,1,0,
2024-W35,West,HOME,77.0,0,1,0,
2024-W35,West,KITCHEN,36.0,0,1,1,
2024-W36,East,ELECTRONICS,75.0,0,1,0,
2024-W36,East,HOME,66.0,0,1,0,
2024-W36,East,KITCHEN,63.0,0,1,0,
2024-W36,East,TOYS,133.0,0,1,1,
2024-W36,North,HOME,119.0,0,1,1,
2024-W36,North,KITCHEN,55.0,0,1,1,
2024-W36,North,PET,141.0,0,1,0,
2024-W36,South,ELECTRONICS,181.0,0,1,1,
2024-W36,South,KITCHEN,50.0,0,1,1,
2024-W36,West,ELECTRONICS,274.0,0,1,0,
2024-W36,West,HOME,77.0,0,1,0,
2024-W36,West,KITCHEN,29.0,0,1,1,
2024-W36,West,PET,21.0,0,1,0,
2024-W36,West,TOYS,25.0,0,1,0,
2024-W37,East,ELECTRONICS,142.0,0,1,0,
2024-W37,East,KITCHEN,108.0,0,1,0,
2024-W37,East,PET,155.0,0,1,0,
2024-W37,East,TOYS,214.0,0,1,1,
2024-W37,North,BEAUTY,67.0,0,1,0,
2024-W37,North,ELECTRONICS,88.0,0,1,0,
2024-W37,North,KITCHEN,38.0,0,1,1,
2024-W37,North,PET,55.0,0,1,0,
2024-W37,North,TOYS,188.0,0,1,0,
2024-W37,South,BEAUTY,108.0,0,1,1,
2024-W37,South,ELECTRONICS,150.0,0,1,1,
2024-W37,South,PET,71.0,0,1,0,
2024-W37,South,TOYS,103.0,0,1,1,
2024-W37,West,BEAUTY,38.0,0,1,0,
2024-W37,West,ELECTRONICS,58.0,0,1,0,
2024-W37,West,HOME,26.0,0,1,0,
2024-W37,West,KITCHEN,116.0,0,1,1,
2024-W37,West,PET,146.0,0,1,0,
2024-W37,West,TOYS,42.0,0,1,0,
2024-W38,East,ELECTRONICS,152.0,0,1,0,
2024-W38,East,HOME,37.0,0,1,0,
2024-W38,East,KITCHEN,144.0,0,1,0,
2024-W38,East,PET,121.0,0,1,0,
2024-W38,East,TOYS,53.0,0,1,1,
2024-W38,North,ELECTRONICS,234.0,0,1,0,
2024-W38,North,HOME,35.0,0,1,1,
2024-W38,North,PET,33.0,0,1,0,
2024-W38,North,TOYS,190.0,0,1,0,
2024-W38,South,BEAUTY,44.0,0,1,1,
2024-W38,South,ELECTRONICS,50.0,0,1,1,
2024-W38,South,HOME,47.0,0,1,1,
2024-W38,South,KITCHEN,114.0,0,1,1,
2024-W38,South,PET,47.0,0,1,0,
2024-W38,South,TOYS,71.0,0,1,1,
2024-W38,West,ELECTRONICS,104.0,0,1,0,
2024-W38,West,HOME,175.0,0,1,0,
2024-W38,West,KITCHEN,66.0,0,1,1,
2024-W38,West,PET,37.0,0,1,0,
2024-W39,East,ELECTRONICS,136.0,0,1,0,
2024-W39,East,HOME,45.0,0,1,0,
2024-W39,East,KITCHEN,185.0,0,1,0,
2024-W39,East,PET,46.0,0,1,0,
2024-W39,North,BEAUTY,52.0,0,1,0,
2024-W39,North,ELECTRONICS,66.0,0,1,0,
2024-W39,North,HOME,53.0,0,1,1,
2024-W39,North,KITCHEN,29.0,0,1,1,
2024-W39,North,PET,73.0,0,1,0,
2024-W39,South,ELECTRONICS,49.0,0,1,1,
2024-W39,South,HOME,76.0,0,1,1,
2024-W39,South,KITCHEN,134.0,0,1,1,
2024-W39,South,TOYS,44.0,0,1,1,
2024-W39,West,ELECTRONICS,247.0,0,1,0,
2024-W39,West,HOME,31.0,0,1,0,
2024-W39,West,PET,22.0,0,1,0,
2024-W39,West,TOYS,177.0,0,1,0,
2024-W40,East,BEAUTY,95.0,0,1,1,
2024-W40,East,ELECTRONICS,236.0,0,1,0,
2024-W40,East,HOME,145.0,0,1,0,
2024-W40,East,TOYS,48.0,0,1,1,
2024-W40,North,ELECTRONICS,206.0,0,1,0,
2024-W40,North,HOME,54.0,0,1,1,
2024-W40,North,KITCHEN,134.0,0,1,1,
2024-W40,North,PET,29.0,0,1,0,
2024-W40,North,TOYS,118.0,0,1,0,
2024-W40,South,ELECTRONICS,121.0,0,1,1,
2024-W40,South,HOME,85.0,0,1,1,
2024-W40,South,KITCHEN,37.0,0,1,1,
2024-W40,South,TOYS,72.0,0,1,1,
2024-W40,West,ELECTRONICS,266.0,0,1,0,
2024-W40,West,HOME,41.0,0,1,0,
2024-W40,West,KITCHEN,47.0,0,1,1,
2024-W40,West,PET,64.0,0,1,0,
2024-W40,West,TOYS,76.0,0,1,0,
2024-W41,East,ELECTRONICS,511.0,0,1,0,
2024-W41,East,HOME,115.0,0,1,0,
2024-W41,East,KITCHEN,42.0,0,1,0,
2024-W41,East,PET,204.0,0,1,0,
2024-W41,East,TOYS,41.0,0,1,1,
2024-W41,North,BEAUTY,66.0,0,1,0,
2024-W41,North,ELECTRONICS,170.0,0,1,0,
2024-W41,North,HOME,167.0,0,1,1,
2024-W41,North,KITCHEN,35.0,0,1,1,
2024-W41,North,TOYS,70.0,0,1,0,
2024-W41,South,BEAUTY,25.0,0,1,1,
2024-W41,South,ELECTRONICS,136.0,0,1,1,
2024-W41,South,HOME,35.0,0,1,1,
2024-W41,South,KITCHEN,88.0,0,1,1,
2024-W41,South,PET,86.0,0,1,0,
2024-W41,South,TOYS,72.0,0,1,1,
2024-W41,West,ELECTRONICS,82.0,0,1,0,
2024-W41,West,HOME,52.0,0,1,0,
2024-W41,West,KITCHEN,195.0,0,1,1,
2024-W41,West,PET,68.0,0,1,0,
2024-W41,West,TOYS,104.0,0,1,0,
2024-W42,East,BEAUTY,35.0,0,1,1,
2024-W42,East,ELECTRONICS,257.0,0,1,0,
2024-W42,East,KITCHEN,105.0,0,1,0,
2024-W42,East,PET,74.0,0,1,0,
2024-W42,East,TOYS,77.0,0,1,1,
2024-W42,North,BEAUTY,23.0,0,1,0,
2024-W42,North,ELECTRONICS,138.0,0,1,0,
2024-W42,North,KITCHEN,72.0,0,1,1,
2024-W42,North,PET,127.0,0,1,0,
2024-W42,North,TOYS,101.0,0,1,0,
2024-W42,South,BEAUTY,49.0,0,1,1,
2024-W42,South,ELECTRONICS,91.0,0,1,1,
2024-W42,South,KITCHEN,134.0,0,1,1,
2024-W42,South,PET,113.0,0,1,0,
2024-W42,South,TOYS,108.0,0,1,1,
2024-W42,West,BEAUTY,58.0,0,1,0,
2024-W42,West,ELECTRONICS,78.0,0,1,0,
2024-W42,West,HOME,58.0,0,1,0,
2024-W42,West,KITCHEN,157.0,0,1,1,
2024-W42,West,PET,134.0,0,1,0,
2024-W42,West,TOYS,42.0,0,1,0,
2024-W43,East,BEAUTY,114.0,0,1,1,
2024-W43,East,ELECTRONICS,170.0,0,1,0,
2024-W43,East,HOME,77.0,0,1,0,
2024-W43,East,KITCHEN,90.0,0,1,0,
2024-W43,East,PET,59.0,0,1,0,
2024-W43,East,TOYS,79.0,0,1,1,
2024-W43,North,ELECTRONICS,75.0,0,1,0,
2024-W43,North,HOME,107.0,0,1,1,
2024-W43,North,KITCHEN,78.0,0,1,1,
2024-W43,North,PET,62.0,0,1,0,
2024-W43,North,TOYS,42.0,0,1,0,
2024-W43,South,BEAUTY,44.0,0,1,1,
2024-W43,South,ELECTRONICS,253.0,0,1,1,
2024-W43,South,HOME,19.0,0,1,1,
2024-W43,South,PET,98.0,0,1,0,
2024-W43,South,TOYS,92.0,0,1,1,
2024-W43,West,ELECTRONICS,140.0,0,1,0,
2024-W43,West,HOME,70.0,0,1,0,
2024-W43,West,KITCHEN,56.0,0,1,1,
2024-W43,West,PET,236.0,0,1,0,
2024-W43,West,TOYS,52.0,0,1,0,
2024-W44,East,ELECTRONICS,407.0,0,1,0,
2024-W44,East,HOME,90.0,0,1,0,
2024-W44,East,KITCHEN,147.0,0,1,0,
2024-W44,East,PET,366.0,0,1,0,
2024-W44,East,TOYS,199.0,0,1,1,
2024-W44,North,BEAUTY,38.0,0,1,0,
2024-W44,North,ELECTRONICS,84.0,0,1,0,
2024-W44,North,KITCHEN,181.0,0,1,1,
2024-W44,North,PET,102.0,0,1,0,
2024-W44,North,TOYS,98.0,0,1,0,
2024-W44,South,BEAUTY,157.0,0,1,1,
2024-W44,South,ELECTRONICS,99.0,0,1,1,
2024-W44,South,KITCHEN,106.0,0,1,1,
2024-W44,South,PET,32.0,0,1,0,
2024-W44,South,TOYS,101.0,0,1,1,
2024-W44,West,ELECTRONICS,307.0,0,1,0,
2024-W44,West,HOME,48.0,0,1,0,
2024-W44,West,PET,91.0,0,1,0,
2024-W45,East,ELECTRONICS,149.0,0,1,0,
2024-W45,East,KITCHEN,198.0,0,1,0,
2024-W45,East,PET,27.0,0,1,0,
2024-W45,East,TOYS,49.0,0,1,1,
2024-W45,North,BEAUTY,53.0,0,1,0,
2024-W45,North,ELECTRONICS,43.0,0,1,0,
2024-W45,North,HOME,185.0,0,1,1,
2024-W45,North,KITCHEN,142.0,0,1,1,
2024-W45,North,PET,50.0,0,1,0,
2024-W45,North,TOYS,48.0,0,1,0,
2024-W45,South,BEAUTY,44.0,0,1,1,
2024-W45,South,ELECTRONICS,175.0,0,1,1,
2024-W45,South,KITCHEN,234.0,0,1,1,
2024-W45,South,PET,73.0,0,1,0,
2024-W45,South,TOYS,186.0,0,1,1,
2024-W45,West,BEAUTY,123.0,0,1,0,
2024-W45,West,ELECTRONICS,279.0,0,1,0,
2024-W45,West,HOME,118.0,0,1,0,
2024-W45,West,KITCHEN,223.0,0,1,1,
2024-W45,West,TOYS,45.0,0,1,0,
2024-W46,East,BEAUTY,171.0,0,1,1,
2024-W46,East,ELECTRONICS,66.0,0,1,0,
2024-W46,East,KITCHEN,157.0,0,1,0,
2024-W46,East,PET,166.0,0,1,0,
2024-W46,East,TOYS,105.0,0,1,1,
2024-W46,North,ELECTRONICS,166.0,0,1,0,
2024-W46,North,HOME,23.0,0,1,1,
2024-W46,North,KITCHEN,110.0,0,1,1,
2024-W46,North,PET,153.0,0,1,0,
2024-W46,North,TOYS,157.0,0,1,0,
2024-W46,South,BEAUTY,33.0,0,1,1,
2024-W46,South,ELECTRONICS,134.0,0,1,1,
2024-W46,South,HOME,33.0,0,1,1,
2024-W46,South,KITCHEN,88.0,0,1,1,
2024-W46,South,PET,40.0,0,1,0,
2024-W46,South,TOYS,134.0,0,1,1,
2024-W46,West,ELECTRONICS,287.0,0,1,0,
2024-W46,West,HOME,188.0,0,1,0,
2024-W46,West,KITCHEN,176.0,0,1,1,
2024-W46,West,PET,132.0,0,1,0,
2024-W46,West,TOYS,107.0,0,1,0,
2024-W47,East,BEAUTY,24.0,0,1,1,
2024-W47,East,ELECTRONICS,368.0,0,1,0,
2024-W47,East,HOME,52.0,0,1,0,
2024-W47,East,KITCHEN,235.0,0,1,0,
2024-W47,East,PET,169.0,0,1,0,
2024-W47,East,TOYS,159.0,0,1,1,
2024-W47,North,ELECTRONICS,133.0,0,1,0,
2024-W47,North,HOME,46.0,0,1,1,
2024-W47,North,KITCHEN,87.0,0,1,1,
2024-W47,North,PET,80.0,0,1,0,
2024-W47,North,TOYS,201.0,0,1,0,
2024-W47,South,BEAUTY,58.0,0,1,1,
2024-W47,South,ELECTRONICS,53.0,0,1,1,
2024-W47,South,HOME,40.0,0,1,1,
2024-W47,South,KITCHEN,130.0,0,1,1,
2024-W47,South,PET,100.0,0,1,0,
2024-W47,South,TOYS,151.0,0,1,1,
2024-W47,West,BEAUTY,130.0,0,1,0,
2024-W47,West,ELECTRONICS,106.0,0,1,0,
2024-W47,West,HOME,46.0,0,1,0,
2024-W47,West,KITCHEN,147.0,0,1,1,
2024-W47,West,PET,79.0,0,1,0,
2024-W47,West,TOYS,45.0,0,1,0,
2024-W48,East,BEAUTY,52.0,0,1,1,
2024-W48,East,ELECTRONICS,22.0,0,1,0,
2024-W48,East,HOME,97.0,0,1,0,
2024-W48,East,KITCHEN,96.0,0,1,0,
2024-W48,East,PET,207.0,0,1,0,
2024-W48,East,TOYS,93.0,0,1,1,
2024-W48,North,ELECTRONICS,182.0,0,1,0,
2024-W48,North,HOME,85.0,0,1,1,
2024-W48,North,KITCHEN,194.0,0,1,1,
2024-W48,North,PET,127.0,0,1,0,
2024-W48,North,TOYS,155.0,0,1,0,
2024-W48,South,ELECTRONICS,117.0,0,1,1,
2024-W48,South,HOME,75.0,0,1,1,
2024-W48,South,KITCHEN,168.0,0,1,1,
2024-W48,South,PET,16.0,0,1,0,
2024-W48,South,TOYS,30.0,0,1,1,
2024-W48,West,ELECTRONICS,58.0,0,1,0,
2024-W48,West,HOME,134.0,0,1,0,
2024-W48,West,KITCHEN,102.0,0,1,1,
2024-W48,West,PET,85.0,0,1,0,
2024-W48,West,TOYS,151.0,0,1,0,
2024-W49,East,ELECTRONICS,330.0,0,1,0,
2024-W49,East,HOME,88.0,0,1,0,
2024-W49,East,KITCHEN,60.0,0,1,0,
2024-W49,East,PET,154.0,0,1,0,
2024-W49,East,TOYS,191.0,0,1,1,
2024-W49,North,BEAUTY,141.0,0,1,0,
2024-W49,North,ELECTRONICS,312.0,0,1,0,
2024-W49,North,HOME,109.0,0,1,1,
2024-W49,North,KITCHEN,131.0,0,1,1,
2024-W49,North,PET,231.0,0,1,0,
2024-W49,North,TOYS,181.0,0,1,0,
2024-W49,South,ELECTRONICS,179.0,0,1,1,
2024-W49,South,HOME,160.0,0,1,1,
2024-W49,South,KITCHEN,85.0,0,1,1,
2024-W49,South,PET,124.0,0,1,0,
2024-W49,South,TOYS,75.0,0,1,1,
2024-W49,West,BEAUTY,80.0,0,1,0,
2024-W49,West,ELECTRONICS,162.0,0,1,0,
2024-W49,West,HOME,199.0,0,1,0,
2024-W49,West,KITCHEN,111.0,0,1,1,
2024-W49,West,PET,69.0,0,1,0,
2024-W49,West,TOYS,116.0,0,1,0,
2024-W50,East,BEAUTY,158.0,0,1,1,
2024-W50,East,ELECTRONICS,201.0,0,1,0,
2024-W50,East,HOME,32.0,0,1,0,
2024-W50,East,KITCHEN,78.0,0,1,0,
2024-W50,East,PET,57.0,0,1,0,
2024-W50,East,TOYS,71.0,0,1,1,
2024-W50,North,ELECTRONICS,371.0,0,1,0,
2024-W50,North,HOME,65.0,0,1,1,
2024-W50,North,KITCHEN,110.0,0,1,1,
2024-W50,North,PET,79.0,0,1,0,
2024-W50,North,TOYS,178.0,0,1,0,
2024-W50,South,BEAUTY,62.0,0,1,1,
2024-W50,South,ELECTRONICS,228.0,0,1,1,
2024-W50,South,HOME,72.0,0,1,1,
2024-W50,South,KITCHEN,65.0,0,1,1,
2024-W50,South,PET,126.0,0,1,0,
2024-W50,West,BEAUTY,62.0,0,1,0,
2024-W50,West,ELECTRONICS,462.0,0,1,0,
2024-W50,West,HOME,146.0,0,1,0,
2024-W50,West,KITCHEN,58.0,0,1,1,
2024-W50,West,PET,107.0,0,1,0,
2024-W50,West,TOYS,102.0,0,1,0,
2024-W51,East,BEAUTY,44.0,0,1,1,
2024-W51,East,ELECTRONICS,39.0,0,1,0,
2024-W51,East,KITCHEN,151.0,0,1,0,
2024-W51,East,PET,120.0,0,1,0,
2024-W51,East,TOYS,53.0,0,1,1,
2024-W51,North,BEAUTY,85.0,0,1,0,
2024-W51,North,ELECTRONICS,287.0,0,1,0,
2024-W51,North,HOME,25.0,0,1,1,
2024-W51,North,KITCHEN,80.0,0,1,1,
2024-W51,North,PET,286.0,0,1,0,
2024-W51,North,TOYS,72.0,0,1,0,
2024-W51,South,BEAUTY,45.0,0,1,1,
2024-W51,South,ELECTRONICS,113.0,0,1,1,
2024-W51,South,HOME,96.0,0,1,1,
2024-W51,South,KITCHEN,137.0,0,1,1,
2024-W51,South,PET,75.0,0,1,0,
2024-W51,South,TOYS,119.0,0,1,1,
2024-W51,West,BEAUTY,37.0,0,1,0,
2024-W51,West,ELECTRONICS,425.0,0,1,0,
2024-W51,West,HOME,190.0,0,1,0,
2024-W51,West,KITCHEN,132.0,0,1,1,
2024-W51,West,PET,179.0,0,1,0,
2024-W51,West,TOYS,77.0,0,1,0,
2024-W52,East,BEAUTY,146.0,0,1,1,
2024-W52,East,ELECTRONICS,345.0,0,1,0,
2024-W52,East,HOME,80.0,0,1,0,
2024-W52,East,KITCHEN,39.0,0,1,0,
2024-W52,East,PET,112.0,0,1,0,
2024-W52,East,TOYS,213.0,0,1,1,
2024-W52,North,BEAUTY,19.0,0,1,0,
2024-W52,North,ELECTRONICS,173.0,0,1,0,
2024-W52,North,HOME,112.0,0,1,1,
2024-W52,North,KITCHEN,54.0,0,1,1,
2024-W52,North,PET,176.0,0,1,0,
2024-W52,North,TOYS,76.0,0,1,0,
2024-W52,South,BEAUTY,35.0,0,1,1,
2024-W52,South,ELECTRONICS,244.0,0,1,1,
2024-W52,South,HOME,172.0,0,1,1,
2024-W52,South,KITCHEN,98.0,0,1,1,
2024-W52,South,PET,48.0,0,1,0,
2024-W52,South,TOYS,169.0,0,1,1,
2024-W52,West,BEAUTY,85.0,0,1,0,
2024-W52,West,ELECTRONICS,179.0,0,1,0,
2024-W52,West,KITCHEN,56.0,0,1,1,
2024-W52,West,PET,85.0,0,1,0,
2024-W52,West,TOYS,115.0,0,1,0,
2025-W01,East,BEAUTY,58.0,0,1,1,
2025-W01,East,ELECTRONICS,208.0,0,1,0,
2025-W01,East,HOME,42.0,0,1,0,
2025-W01,East,KITCHEN,58.0,0,1,0,81.25
2025-W01,East,PET,72.0,0,1,0,
2025-W01,East,TOYS,219.0,0,1,1,63.43
2025-W01,North,BEAUTY,81.0,0,1,0,76.09
2025-W01,North,ELECTRONICS,169.0,0,1,0,122.37
2025-W01,North,HOME,72.0,0,1,1,
2025-W01,North,KITCHEN,215.0,0,1,1,100.93
2025-W01,North,PET,146.0,0,1,0,711.11
2025-W01,North,TOYS,165.0,0,1,0,385.29
2025-W01,South,BEAUTY,56.0,0,1,1,
2025-W01,South,ELECTRONICS,217.0,0,1,1,53.9
2025-W01,South,HOME,114.0,0,1,1,128.0
2025-W01,South,KITCHEN,119.0,0,1,1,52.56
2025-W01,South,PET,221.0,0,1,0,78.23
2025-W01,South,TOYS,51.0,0,1,1,-66.23
2025-W01,West,ELECTRONICS,132.0,0,1,0,57.14
2025-W01,West,KITCHEN,70.0,0,1,1,
2025-W01,West,PET,119.0,0,1,0,
2025-W02,East,ELECTRONICS,370.0,0,1,0,
2025-W02,East,HOME,108.0,0,1,0,
2025-W02,East,KITCHEN,187.0,0,1,0,
2025-W02,East,PET,206.0,0,1,0,
2025-W02,East,TOYS,230.0,0,1,1,
2025-W02,North,ELECTRONICS,560.0,0,1,0,
2025-W02,North,HOME,147.0,0,1,1,
2025-W02,North,KITCHEN,32.0,0,1,1,
2025-W02,North,PET,332.0,0,1,0,
2025-W02,North,TOYS,22.0,0,1,0,
2025-W02,South,BEAUTY,48.0,0,1,1,
2025-W02,South,ELECTRONICS,127.0,0,1,1,
2025-W02,South,HOME,50.0,0,1,1,
2025-W02,South,KITCHEN,121.0,0,1,1,
2025-W02,South,PET,207.0,0,1,0,
2025-W02,South,TOYS,122.0,0,1,1,
2025-W02,West,BEAUTY,44.0,0,1,0,
2025-W02,West,ELECTRONICS,487.0,0,1,0,
2025-W02,West,HOME,101.0,0,1,0,
2025-W02,West,KITCHEN,205.0,0,1,1,
2025-W02,West,PET,85.0,0,1,0,
2025-W02,West,TOYS,55.0,0,1,0,
2025-W03,East,BEAUTY,132.0,0,1,1,
2025-W03,East,ELECTRONICS,443.0,0,1,0,
2025-W03,East,HOME,149.0,0,1,0,
2025-W03,East,KITCHEN,511.0,0,1,0,
2025-W03,East,PET,46.0,0,1,0,
2025-W03,East,TOYS,106.0,0,1,1,
2025-W03,North,ELECTRONICS,169.0,0,1,0,
2025-W03,North,HOME,60.0,0,1,1,
2025-W03,North,KITCHEN,112.0,0,1,1,
2025-W03,North,PET,153.0,0,1,0,
2025-W03,North,TOYS,68.0,0,1,0,
2025-W03,South,ELECTRONICS,245.0,0,1,1,
2025-W03,South,HOME,124.0,0,1,1,
2025-W03,South,KITCHEN,125.0,0,1,1,
2025-W03,South,PET,144.0,0,1,0,
2025-W03,South,TOYS,72.0,0,1,1,
2025-W03,West,BEAUTY,38.0,0,1,0,
2025-W03,West,ELECTRONICS,353.0,0,1,0,
2025-W03,West,HOME,187.0,0,1,0,
2025-W03,West,KITCHEN,48.0,0,1,1,
2025-W03,West,PET,102.0,0,1,0,
2025-W03,West,TOYS,111.0,0,1,0,
2025-W04,East,BEAUTY,193.0,0,1,1,
2025-W04,East,ELECTRONICS,368.0,0,1,0,
2025-W04,East,HOME,45.0,0,1,0,
2025-W04,East,KITCHEN,81.0,0,1,0,
2025-W04,East,PET,185.0,0,1,0,
2025-W04,East,TOYS,331.0,0,1,1,
2025-W04,North,BEAUTY,117.0,0,1,0,
2025-W04,North,ELECTRONICS,83.0,0,1,0,
2025-W04,North,HOME,57.0,0,1,1,
2025-W04,North,KITCHEN,86.0,0,1,1,
2025-W04,North,PET,101.0,0,1,0,
2025-W04,North,TOYS,285.0,0,1,0,
2025-W04,South,BEAUTY,21.0,0,1,1,
2025-W04,South,ELECTRONICS,284.0,0,1,1,
2025-W04,South,HOME,29.0,0,1,1,
2025-W04,South,KITCHEN,43.0,0,1,1,
2025-W04,South,PET,122.0,0,1,0,
2025-W04,South,TOYS,207.0,0,1,1,
2025-W04,West,BEAUTY,36.0,0,1,0,
2025-W04,West,ELECTRONICS,466.0,0,1,0,
2025-W04,West,HOME,90.0,0,1,0,
2025-W04,West,KITCHEN,82.0,0,1,1,
2025-W04,West,PET,216.0,0,1,0,
2025-W04,West,TOYS,178.0,0,1,0,
2025-W05,East,BEAUTY,50.0,0,1,1,
2025-W05,East,ELECTRONICS,533.0,0,1,0,
2025-W05,East,HOME,231.0,0,1,0,
2025-W05,East,KITCHEN,129.0,0,1,0,
2025-W05,East,PET,179.0,0,1,0,
2025-W05,East,TOYS,335.0,0,1,1,
2025-W05,North,ELECTRONICS,491.0,0,1,0,
2025-W05,North,HOME,219.0,0,1,1,
2025-W05,North,KITCHEN,76.0,0,1,1,
2025-W05,North,PET,186.0,0,1,0,
2025-W05,North,TOYS,113.0,0,1,0,
2025-W05,South,BEAUTY,76.0,0,1,1,
2025-W05,South,ELECTRONICS,262.0,0,1,1,
2025-W05,South,HOME,105.0,0,1,1,
2025-W05,South,KITCHEN,404.0,0,1,1,
2025-W05,South,PET,184.0,0,1,0,
2025-W05,South,TOYS,131.0,0,1,1,
2025-W05,West,BEAUTY,29.0,0,1,0,
2025-W05,West,ELECTRONICS,300.0,0,1,0,
2025-W05,West,HOME,146.0,0,1,0,
2025-W05,West,KITCHEN,292.0,0,1,1,
2025-W05,West,PET,87.0,0,1,0,
2025-W05,West,TOYS,184.0,0,1,0,
2025-W06,East,ELECTRONICS,319.0,0,1,0,
2025-W06,East,HOME,244.0,0,1,0,
2025-W06,East,KITCHEN,116.0,0,1,0,
2025-W06,East,PET,169.0,0,1,0,
2025-W06,East,TOYS,120.0,0,1,1,
2025-W06,North,BEAUTY,46.0,0,1,0,
2025-W06,North,ELECTRONICS,368.0,0,1,0,
2025-W06,North,HOME,103.0,0,1,1,
2025-W06,North,KITCHEN,74.0,0,1,1,
2025-W06,North,PET,101.0,0,1,0,
2025-W06,North,TOYS,164.0,0,1,0,
2025-W06,South,BEAUTY,58.0,0,1,1,
2025-W06,South,ELECTRONICS,277.0,0,1,1,
2025-W06,South,HOME,111.0,0,1,1,
2025-W06,South,KITCHEN,92.0,0,1,1,
2025-W06,South,PET,225.0,0,1,0,
2025-W06,South,TOYS,200.0,0,1,1,
2025-W06,West,BEAUTY,63.0,0,1,0,
2025-W06,West,ELECTRONICS,254.0,0,1,0,
2025-W06,West,HOME,137.0,0,1,0,
2025-W06,West,KITCHEN,35.0,0,1,1,
2025-W06,West,PET,57.0,0,1,0,
2025-W06,West,TOYS,162.0,0,1,0,
2025-W07,East,ELECTRONICS,173.0,0,1,0,
2025-W07,East,HOME,50.0,0,1,0,
2025-W07,East,KITCHEN,329.0,0,1,0,
2025-W07,East,PET,187.0,0,1,0,
2025-W07,East,TOYS,161.0,0,1,1,
2025-W07,North,BEAUTY,67.0,0,1,0,
2025-W07,North,ELECTRONICS,316.0,0,1,0,
2025-W07,North,HOME,124.0,0,1,1,
2025-W07,North,KITCHEN,130.0,0,1,1,
2025-W07,North,PET,119.0,0,1,0,
2025-W07,North,TOYS,214.0,0,1,0,
2025-W07,South,BEAUTY,22.0,0,1,1,
2025-W07,South,ELECTRONICS,243.0,0,1,1,
2025-W07,South,HOME,44.0,0,1,1,
2025-W07,South,KITCHEN,83.0,0,1,1,
2025-W07,South,PET,110.0,0,1,0,
2025-W07,South,TOYS,49.0,0,1,1,
2025-W07,West,ELECTRONICS,427.0,0,1,0,
2025-W07,West,KITCHEN,209.0,0,1,1,
2025-W07,West,PET,98.0,0,1,0,
2025-W07,West,TOYS,170.0,0,1,0,
2025-W08,East,BEAUTY,51.0,0,1,1,
2025-W08,East,ELECTRONICS,207.0,0,1,0,
2025-W08,East,HOME,155.0,0,1,0,
2025-W08,East,KITCHEN,115.0,0,1,0,
2025-W08,East,PET,218.0,0,1,0,
2025-W08,East,TOYS,50.0,0,1,1,
2025-W08,North,ELECTRONICS,460.0,0,1,0,
2025-W08,North,HOME,50.0,0,1,1,
2025-W08,North,KITCHEN,121.0,0,1,1,
2025-W08,North,PET,77.0,0,1,0,
2025-W08,North,TOYS,207.0,0,1,0,
2025-W08,South,BEAUTY,25.0,0,1,1,
2025-W08,South,ELECTRONICS,82.0,0,1,1,
2025-W08,South,HOME,103.0,0,1,1,
2025-W08,South,KITCHEN,66.0,0,1,1,
2025-W08,South,PET,144.0,0,1,0,
2025-W08,South,TOYS,238.0,0,1,1,
2025-W08,West,BEAUTY,68.0,0,1,0,
2025-W08,West,ELECTRONICS,613.0,0,1,0,
2025-W08,West,HOME,120.0,0,1,0,
2025-W08,West,KITCHEN,152.0,0,1,1,
2025-W08,West,PET,264.0,0,1,0,
2025-W08,West,TOYS,184.0,0,1,0,
2025-W09,East,BEAUTY,195.0,0,1,1,
2025-W09,East,ELECTRONICS,408.0,0,1,0,
2025-W09,East,HOME,37.0,0,1,0,
2025-W09,East,KITCHEN,110.0,0,1,0,
2025-W09,East,PET,240.0,0,1,0,
2025-W09,East,TOYS,52.0,0,1,1,
2025-W09,North,BEAUTY,35.0,0,1,0,
2025-W09,North,ELECTRONICS,529.0,0,1,0,
2025-W09,North,KITCHEN,231.0,0,1,1,
2025-W09,North,PET,228.0,0,1,0,
2025-W09,North,TOYS,196.0,0,1,0,
2025-W09,South,BEAUTY,112.0,0,1,1,
2025-W09,South,ELECTRONICS,179.0,0,1,1,
2025-W09,South,HOME,146.0,0,1,1,
2025-W09,South,KITCHEN,127.0,0,1,1,
2025-W09,South,PET,121.0,0,1,0,
2025-W09,West,ELECTRONICS,78.0,0,1,0,
2025-W09,West,HOME,109.0,0,1,0,
2025-W09,West,PET,185.0,0,1,0,
2025-W09,West,TOYS,305.0,0,1,0,
2025-W10,East,BEAUTY,81.0,0,1,1,
2025-W10,East,ELECTRONICS,242.0,0,1,0,
2025-W10,East,HOME,23.0,0,1,0,
2025-W10,East,KITCHEN,58.0,0,1,0,
2025-W10,East,PET,110.0,0,1,0,
2025-W10,East,TOYS,414.0,0,1,1,
2025-W10,North,BEAUTY,77.0,0,1,0,
2025-W10,North,ELECTRONICS,334.0,0,1,0,
2025-W10,North,HOME,22.0,0,1,1,
2025-W10,North,KITCHEN,151.0,0,1,1,
2025-W10,North,PET,193.0,0,1,0,
2025-W10,North,TOYS,295.0,0,1,0,
2025-W10,South,BEAUTY,30.0,0,1,1,
2025-W10,South,ELECTRONICS,246.0,0,1,1,
2025-W10,South,HOME,50.0,0,1,1,
2025-W10,South,KITCHEN,89.0,0,1,1,
2025-W10,South,PET,78.0,0,1,0,
2025-W10,South,TOYS,163.0,0,1,1,
2025-W10,West,ELECTRONICS,385.0,0,1,0,
2025-W10,West,HOME,66.0,0,1,0,
2025-W10,West,KITCHEN,114.0,0,1,1,
2025-W10,West,PET,106.0,0,1,0,
2025-W10,West,TOYS,244.0,0,1,0,
2025-W11,East,BEAUTY,35.0,0,1,1,
2025-W11,East,ELECTRONICS,320.0,0,1,0,
2025-W11,East,HOME,202.0,0,1,0,
2025-W11,East,KITCHEN,290.0020000000004,0,1,0,
2025-W11,East,PET,112.0,0,1,0,
2025-W11,East,TOYS,200.0,0,1,1,
2025-W11,North,ELECTRONICS,104.0,0,1,0,
2025-W11,North,HOME,143.0,0,1,1,
2025-W11,North,KITCHEN,101.0,0,1,1,
2025-W11,North,PET,82.0,0,1,0,
2025-W11,North,TOYS,445.0020000000004,0,1,0,
2025-W11,South,ELECTRONICS,340.0,0,1,1,
2025-W11,South,HOME,76.0,0,1,1,
2025-W11,South,KITCHEN,122.0,0,1,1,
2025-W11,South,PET,109.0,0,1,0,
2025-W11,South,TOYS,70.0,0,1,1,
2025-W11,West,BEAUTY,24.0,0,1,0,
2025-W11,West,ELECTRONICS,382.0,0,1,0,
2025-W11,West,KITCHEN,149.0,0,1,1,
2025-W11,West,PET,83.0,0,1,0,
2025-W11,West,TOYS,139.0,0,1,0,
2025-W12,East,BEAUTY,114.0,0,1,1,
2025-W12,East,ELECTRONICS,541.0,0,1,0,
2025-W12,East,HOME,77.0,0,1,0,
2025-W12,East,KITCHEN,153.0,0,1,0,
2025-W12,East,PET,109.0,0,1,0,
2025-W12,East,TOYS,323.0,0,1,1,
2025-W12,North,BEAUTY,87.0,0,1,0,
2025-W12,North,ELECTRONICS,333.0,0,1,0,
2025-W12,North,HOME,28.0,0,1,1,
2025-W12,North,KITCHEN,137.0,0,1,1,
2025-W12,North,PET,53.0,0,1,0,
2025-W12,North,TOYS,126.0,0,1,0,
2025-W12,South,ELECTRONICS,278.0,0,1,1,
2025-W12,South,HOME,118.0,0,1,1,
2025-W12,South,KITCHEN,225.0,0,1,1,
2025-W12,South,PET,72.0,0,1,0,
2025-W12,South,TOYS,209.0,0,1,1,
2025-W12,West,BEAUTY,150.0,0,1,0,
2025-W12,West,ELECTRONICS,364.0,0,1,0,
2025-W12,West,HOME,97.0,0,1,0,
2025-W12,West,KITCHEN,21.0,0,1,1,
2025-W12,West,TOYS,122.0,0,1,0,
2025-W13,East,BEAUTY,43.0,0,1,1,
2025-W13,East,ELECTRONICS,222.0,0,1,0,
2025-W13,East,HOME,45.0,0,1,0,
2025-W13,East,KITCHEN,246.0,0,1,0,
2025-W13,East,PET,211.0,0,1,0,
2025-W13,East,TOYS,99.0,0,1,1,
2025-W13,North,ELECTRONICS,423.0,0,1,0,
2025-W13,North,HOME,124.0,0,1,1,
2025-W13,North,KITCHEN,34.0,0,1,1,
2025-W13,North,PET,231.0,0,1,0,
2025-W13,North,TOYS,71.0,0,1,0,
2025-W13,South,BEAUTY,49.0,0,1,1,
2025-W13,South,ELECTRONICS,491.0,0,1,1,
2025-W13,South,HOME,118.0,0,1,1,
2025-W13,South,KITCHEN,171.0,0,1,1,
2025-W13,South,PET,66.0,0,1,0,
2025-W13,South,TOYS,67.0,0,1,1,
2025-W13,West,BEAUTY,54.0,0,1,0,
2025-W13,West,ELECTRONICS,391.0,0,1,0,
2025-W13,West,HOME,34.0,0,1,0,
2025-W13,West,KITCHEN,139.0,0,1,1,
2025-W13,West,PET,94.0,0,1,0,
2025-W13,West,TOYS,328.0,0,1,0,
2025-W14,East,BEAUTY,46.0,0,1,1,
2025-W14,East,ELECTRONICS,649.0,0,1,0,
2025-W14,East,HOME,262.0,0,1,0,
2025-W14,East,KITCHEN,70.0,0,1,0,
2025-W14,East,PET,243.0,0,1,0,
2025-W14,East,TOYS,220.0,0,1,1,
2025-W14,North,BEAUTY,110.0,0,1,0,
2025-W14,North,ELECTRONICS,471.0,0,1,0,
2025-W14,North,KITCHEN,246.0,0,1,1,
2025-W14,North,PET,317.0,0,1,0,
2025-W14,North,TOYS,212.0,0,1,0,
2025-W14,South,BEAUTY,83.0,0,1,1,
2025-W14,South,ELECTRONICS,374.0,0,1,1,
2025-W14,South,HOME,152.0,0,1,1,
2025-W14,South,KITCHEN,71.0,0,1,1,
2025-W14,South,PET,106.0,0,1,0,
2025-W14,South,TOYS,82.0,0,1,1,
2025-W14,West,BEAUTY,163.0,0,1,0,
2025-W14,West,ELECTRONICS,344.0,0,1,0,
2025-W14,West,HOME,155.0,0,1,0,
2025-W14,West,KITCHEN,236.0,0,1,1,
2025-W14,West,PET,365.0,0,1,0,
2025-W14,West,TOYS,160.0,0,1,0,
2025-W15,East,BEAUTY,60.0,0,1,1,
2025-W15,East,ELECTRONICS,486.0,0,1,0,
2025-W15,East,HOME,170.0,0,1,0,
2025-W15,East,KITCHEN,375.0,0,1,0,
2025-W15,East,PET,254.0,0,1,0,
2025-W15,East,TOYS,370.0,0,1,1,
2025-W15,North,ELECTRONICS,291.0,0,1,0,
2025-W15,North,HOME,103.0,0,1,1,
2025-W15,North,KITCHEN,394.0,0,1,1,
2025-W15,North,PET,97.0,0,1,0,
2025-W15,North,TOYS,180.0,0,1,0,
2025-W15,South,BEAUTY,64.0,0,1,1,
2025-W15,South,ELECTRONICS,390.0,0,1,1,
2025-W15,South,HOME,73.0,0,1,1,
2025-W15,South,KITCHEN,211.0,0,1,1,
2025-W15,South,PET,146.0,0,1,0,
2025-W15,South,TOYS,38.0,0,1,1,
2025-W15,West,BEAUTY,93.0,0,1,0,
2025-W15,West,ELECTRONICS,275.0,0,1,0,
2025-W15,West,HOME,184.0,0,1,0,
2025-W15,West,KITCHEN,251.0,0,1,1,
2025-W15,West,PET,111.0,0,1,0,
2025-W15,West,TOYS,339.0,0,1,0,
2025-W16,East,BEAUTY,89.0,0,1,1,
2025-W16,East,ELECTRONICS,159.0,0,1,0,
2025-W16,East,KITCHEN,116.0,0,1,0,
2025-W16,East,PET,307.0,0,1,0,
2025-W16,East,TOYS,143.0,0,1,1,
2025-W16,North,BEAUTY,30.0,0,1,0,
2025-W16,North,ELECTRONICS,425.0,0,1,0,
2025-W16,North,HOME,35.0,0,1,1,
2025-W16,North,KITCHEN,176.0,0,1,1,
2025-W16,North,PET,195.0,0,1,0,
2025-W16,North,TOYS,230.0,0,1,0,
2025-W16,South,BEAUTY,47.0,0,1,1,
2025-W16,South,ELECTRONICS,335.0,0,1,1,
2025-W16,South,HOME,180.0,0,1,1,
2025-W16,South,KITCHEN,123.0,0,1,1,
2025-W16,South,PET,204.0,0,1,0,
2025-W16,South,TOYS,120.0,0,1,1,
2025-W16,West,ELECTRONICS,337.0,0,1,0,
2025-W16,West,HOME,141.0,0,1,0,
2025-W16,West,KITCHEN,340.0,0,1,1,
2025-W16,West,PET,195.0,0,1,0,
2025-W16,West,TOYS,30.0,0,1,0,
2025-W17,East,ELECTRONICS,338.0,0,1,0,
2025-W17,East,KITCHEN,198.0,0,1,0,
2025-W17,East,PET,392.0,0,1,0,
2025-W17,East,TOYS,376.0,0,1,1,
2025-W17,North,BEAUTY,54.0,0,1,0,
2025-W17,North,ELECTRONICS,385.0,0,1,0,
2025-W17,North,KITCHEN,256.0,0,1,1,
2025-W17,North,PET,151.0,0,1,0,
2025-W17,North,TOYS,88.0,0,1,0,
2025-W17,South,BEAUTY,51.0,0,1,1,
2025-W17,South,ELECTRONICS,646.0,0,1,1,
2025-W17,South,HOME,76.0,0,1,1,
2025-W17,South,KITCHEN,192.0,0,1,1,
2025-W17,South,PET,32.0,0,1,0,
2025-W17,South,TOYS,66.0,0,1,1,
2025-W17,West,BEAUTY,41.0,0,1,0,
2025-W17,West,ELECTRONICS,453.0,0,1,0,
2025-W17,West,HOME,236.0,0,1,0,
2025-W17,West,KITCHEN,215.0,0,1,1,
2025-W17,West,PET,183.0,0,1,0,
2025-W17,West,TOYS,81.0,0,1,0,
2025-W18,East,BEAUTY,53.0,0,1,1,
2025-W18,East,ELECTRONICS,373.0,0,1,0,
2025-W18,East,HOME,64.0,0,1,0,
2025-W18,East,KITCHEN,285.0,0,1,0,
2025-W18,East,PET,176.0,0,1,0,
2025-W18,East,TOYS,341.0,0,1,1,
2025-W18,North,BEAUTY,71.0,0,1,0,
2025-W18,North,ELECTRONICS,519.0,0,1,0,
2025-W18,North,KITCHEN,118.0,0,1,1,
2025-W18,North,PET,207.0,0,1,0,
2025-W18,North,TOYS,170.0,0,1,0,
2025-W18,South,ELECTRONICS,306.0,0,1,1,
2025-W18,South,HOME,217.0,0,1,1,
2025-W18,South,KITCHEN,266.0,0,1,1,
2025-W18,South,PET,166.0,0,1,0,
2025-W18,South,TOYS,135.0,0,1,1,
2025-W18,West,BEAUTY,47.0,0,1,0,
2025-W18,West,ELECTRONICS,327.0,0,1,0,
2025-W18,West,HOME,123.0,0,1,0,
2025-W18,West,KITCHEN,160.0,0,1,1,
2025-W18,West,PET,152.0,0,1,0,
2025-W18,West,TOYS,119.0,0,1,0,
2025-W19,East,BEAUTY,109.0,0,1,1,
2025-W19,East,ELECTRONICS,388.0,0,1,0,
2025-W19,East,HOME,60.0,0,1,0,
2025-W19,East,KITCHEN,345.0,0,1,0,
2025-W19,East,PET,317.0,0,1,0,
2025-W19,East,TOYS,225.0,0,1,1,
2025-W19,North,BEAUTY,25.0,0,1,0,
2025-W19,North,ELECTRONICS,208.0,0,1,0,
2025-W19,North,HOME,97.0,0,1,1,
2025-W19,North,KITCHEN,342.0,0,1,1,
2025-W19,North,PET,368.0,0,1,0,
2025-W19,North,TOYS,44.0,0,1,0,
2025-W19,South,BEAUTY,49.0,0,1,1,
2025-W19,South,ELECTRONICS,344.0,0,1,1,
2025-W19,South,HOME,134.0,0,1,1,
2025-W19,South,KITCHEN,183.0,0,1,1,
2025-W19,South,PET,229.0,0,1,0,
2025-W19,South,TOYS,125.0,0,1,1,
2025-W19,West,BEAUTY,83.0,0,1,0,
2025-W19,West,ELECTRONICS,443.0,0,1,0,
2025-W19,West,HOME,70.0,0,1,0,
2025-W19,West,KITCHEN,122.0,0,1,1,
2025-W19,West,PET,472.0,0,1,0,
2025-W19,West,TOYS,94.0,0,1,0,
2025-W20,East,BEAUTY,82.0,0,1,1,
2025-W20,East,ELECTRONICS,621.0,0,1,0,
2025-W20,East,KITCHEN,55.0,0,1,0,
2025-W20,East,PET,79.0,0,1,0,
2025-W20,East,TOYS,322.0,0,1,1,
2025-W20,North,BEAUTY,70.0,0,1,0,
2025-W20,North,ELECTRONICS,328.0,0,1,0,
2025-W20,North,HOME,122.0,0,1,1,
2025-W20,North,KITCHEN,139.0,0,1,1,
2025-W20,North,PET,246.0,0,1,0,
2025-W20,North,TOYS,147.0,0,1,0,
2025-W20,South,BEAUTY,115.0,0,1,1,
2025-W20,South,ELECTRONICS,237.0,0,1,1,
2025-W20,South,HOME,186.0,0,1,1,
2025-W20,South,KITCHEN,74.0,0,1,1,
2025-W20,South,PET,29.0,0,1,0,
2025-W20,South,TOYS,160.0,0,1,1,
2025-W20,West,BEAUTY,170.0,0,1,0,
2025-W20,West,ELECTRONICS,440.0,0,1,0,
2025-W20,West,KITCHEN,310.0020000000004,0,1,1,
2025-W20,West,PET,236.0,0,1,0,
2025-W21,East,ELECTRONICS,517.0,0,1,0,
2025-W21,East,HOME,163.0,0,1,0,
2025-W21,East,KITCHEN,139.0,0,1,0,
2025-W21,East,PET,264.0,0,1,0,
2025-W21,East,TOYS,219.0,0,1,1,
2025-W21,North,BEAUTY,35.0,0,1,0,
2025-W21,North,ELECTRONICS,442.0,0,1,0,
2025-W21,North,HOME,72.0,0,1,1,
2025-W21,North,KITCHEN,207.0,0,1,1,
2025-W21,North,PET,352.0,0,1,0,
2025-W21,North,TOYS,165.0,0,1,0,
2025-W21,South,BEAUTY,141.0,0,1,1,
2025-W21,South,ELECTRONICS,216.0,0,1,1,
2025-W21,South,HOME,152.0,0,1,1,
2025-W21,South,KITCHEN,101.0,0,1,1,
2025-W21,South,PET,211.0,0,1,0,
2025-W21,South,TOYS,242.0,0,1,1,
2025-W21,West,BEAUTY,59.0,0,1,0,
2025-W21,West,ELECTRONICS,336.0,0,1,0,
2025-W21,West,HOME,241.0,0,1,0,
2025-W21,West,KITCHEN,122.0,0,1,1,
2025-W21,West,PET,311.0,0,1,0,
2025-W21,West,TOYS,171.0,0,1,0,
2025-W22,East,BEAUTY,99.0,0,1,1,
2025-W22,East,ELECTRONICS,535.0,0,1,0,
2025-W22,East,HOME,29.0,0,1,0,
2025-W22,East,KITCHEN,224.0,0,1,0,
2025-W22,East,PET,117.0,0,1,0,
2025-W22,East,TOYS,115.0,0,1,1,
2025-W22,North,BEAUTY,110.0,0,1,0,
2025-W22,North,ELECTRONICS,285.0,0,1,0,
2025-W22,North,HOME,55.0,0,1,1,
2025-W22,North,KITCHEN,85.0,0,1,1,
2025-W22,North,PET,129.0,0,1,0,
2025-W22,North,TOYS,82.0,0,1,0,
2025-W22,South,ELECTRONICS,371.0,0,1,1,
2025-W22,South,HOME,136.0,0,1,1,
2025-W22,South,KITCHEN,148.0,0,1,1,
2025-W22,South,PET,227.0,0,1,0,
2025-W22,South,TOYS,252.0,0,1,1,
2025-W22,West,ELECTRONICS,209.0,0,1,0,
2025-W22,West,HOME,140.0,0,1,0,
2025-W22,West,PET,129.0,0,1,0,
2025-W22,West,TOYS,208.0,0,1,0,
2025-W23,East,BEAUTY,123.0,0,1,1,
2025-W23,East,ELECTRONICS,281.0,0,1,0,
2025-W23,East,HOME,55.0,0,1,0,
2025-W23,East,KITCHEN,200.0,0,1,0,
2025-W23,East,PET,221.0,0,1,0,
2025-W23,East,TOYS,307.0,0,1,1,
2025-W23,North,BEAUTY,150.0,0,1,0,
2025-W23,North,ELECTRONICS,224.0,0,1,0,
2025-W23,North,HOME,131.0,0,1,1,
2025-W23,North,KITCHEN,298.0,0,1,1,
2025-W23,North,PET,360.0,0,1,0,
2025-W23,North,TOYS,195.0,0,1,0,
2025-W23,South,ELECTRONICS,233.0,0,1,1,
2025-W23,South,HOME,229.0,0,1,1,
2025-W23,South,KITCHEN,281.0,0,1,1,
2025-W23,South,PET,100.0,0,1,0,
2025-W23,South,TOYS,269.0,0,1,1,
2025-W23,West,ELECTRONICS,276.0,0,1,0,
2025-W23,West,HOME,190.0,0,1,0,
2025-W23,West,KITCHEN,75.0,0,1,1,
2025-W23,West,PET,204.0,0,1,0,
2025-W23,West,TOYS,251.0,0,1,0,
2025-W24,East,BEAUTY,86.0,0,1,1,
2025-W24,East,ELECTRONICS,516.0,0,1,0,
2025-W24,East,HOME,247.0,0,1,0,
2025-W24,East,KITCHEN,356.0,0,1,0,
2025-W24,East,PET,28.0,0,1,0,
2025-W24,East,TOYS,222.0,0,1,1,
2025-W24,North,BEAUTY,78.0,0,1,0,
2025-W24,North,ELECTRONICS,387.0,0,1,0,
2025-W24,North,HOME,39.0,0,1,1,
2025-W24,North,KITCHEN,204.0,0,1,1,
2025-W24,North,PET,125.0,0,1,0,
2025-W24,North,TOYS,75.0,0,1,0,
2025-W24,South,BEAUTY,47.0,0,1,1,
2025-W24,South,ELECTRONICS,210.0,0,1,1,
2025-W24,South,HOME,72.0,0,1,1,
2025-W24,South,KITCHEN,139.0,0,1,1,
2025-W24,South,PET,291.0,0,1,0,
2025-W24,South,TOYS,149.0,0,1,1,
2025-W24,West,BEAUTY,34.0,0,1,0,
2025-W24,West,ELECTRONICS,423.0,0,1,0,
2025-W24,West,HOME,307.0,0,1,0,
2025-W24,West,KITCHEN,44.0,0,1,1,
2025-W24,West,PET,56.0,0,1,0,
2025-W24,West,TOYS,243.0,0,1,0,
2025-W25,East,BEAUTY,36.0,0,1,1,
2025-W25,East,ELECTRONICS,592.0,0,1,0,
2025-W25,East,HOME,127.0,0,1,0,
2025-W25,East,KITCHEN,180.0,0,1,0,
2025-W25,East,PET,129.0,0,1,0,
2025-W25,East,TOYS,175.0,0,1,1,
2025-W25,North,BEAUTY,60.0,0,1,0,
2025-W25,North,ELECTRONICS,269.0,0,1,0,
2025-W25,North,KITCHEN,147.0,0,1,1,
2025-W25,North,PET,49.0,0,1,0,
2025-W25,North,TOYS,210.0,0,1,0,
2025-W25,South,ELECTRONICS,411.0,0,1,1,
2025-W25,South,HOME,157.0,0,1,1,
2025-W25,South,KITCHEN,63.0,0,1,1,
2025-W25,South,PET,277.0,0,1,0,
2025-W25,South,TOYS,132.0,0,1,1,
2025-W25,West,ELECTRONICS,390.0,0,1,0,
2025-W25,West,HOME,279.0,0,1,0,
2025-W25,West,KITCHEN,116.0,0,1,1,
2025-W25,West,PET,150.0,0,1,0,
2025-W25,West,TOYS,224.0,0,1,0,
2025-W26,East,BEAUTY,127.0020000000004,0,1,1,
2025-W26,East,ELECTRONICS,739.0,0,1,0,
2025-W26,East,HOME,45.0,0,1,0,
2025-W26,East,KITCHEN,77.0,0,1,0,
2025-W26,East,PET,217.0,0,1,0,
2025-W26,East,TOYS,324.0,0,1,1,
2025-W26,North,ELECTRONICS,262.0,0,1,0,
2025-W26,North,HOME,166.0,0,1,1,
2025-W26,North,KITCHEN,29.0,0,1,1,
2025-W26,North,PET,307.0,0,1,0,
2025-W26,North,TOYS,200.0,0,1,0,
2025-W26,South,BEAUTY,46.0,0,1,1,
2025-W26,South,ELECTRONICS,459.0,0,1,1,
2025-W26,South,HOME,140.0,0,1,1,
2025-W26,South,KITCHEN,79.0,0,1,1,
2025-W26,South,PET,67.0,0,1,0,
2025-W26,South,TOYS,173.0,0,1,1,
2025-W26,West,BEAUTY,57.0,0,1,0,
2025-W26,West,ELECTRONICS,563.0,0,1,0,
2025-W26,West,HOME,112.0,0,1,0,
2025-W26,West,KITCHEN,173.0,0,1,1,
2025-W26,West,PET,83.0,0,1,0,
2025-W26,West,TOYS,195.0,0,1,0,
2025-W27,East,BEAUTY,187.0020000000004,0,1,1,
2025-W27,East,ELECTRONICS,418.0,0,1,0,
2025-W27,East,HOME,165.0,0,1,0,
2025-W27,East,KITCHEN,204.0,0,1,0,518.18
2025-W27,East,PET,246.0,0,1,0,
2025-W27,East,TOYS,120.0,0,1,1,
2025-W27,North,ELECTRONICS,504.0,0,1,0,
2025-W27,North,HOME,78.0,0,1,1,
2025-W27,North,KITCHEN,83.0,0,1,1,
2025-W27,North,PET,338.0,0,1,0,
2025-W27,North,TOYS,339.0,0,1,0,
2025-W27,South,BEAUTY,49.0,0,1,1,
2025-W27,South,ELECTRONICS,318.0,0,1,1,
2025-W27,South,HOME,88.0,0,1,1,
2025-W27,South,KITCHEN,255.0,0,1,1,
2025-W27,South,PET,131.0,0,1,0,
2025-W27,South,TOYS,170.0,0,1,1,
2025-W27,West,ELECTRONICS,155.0,0,1,0,
2025-W27,West,KITCHEN,345.0,0,1,1,
2025-W27,West,PET,41.0,0,1,0,
2025-W27,West,TOYS,295.0,0,1,0,
2025-W28,East,ELECTRONICS,86.0,0,1,0,45.76
2025-W28,East,HOME,350.0,0,1,0,
2025-W28,East,KITCHEN,146.0,0,1,0,
2025-W28,East,PET,314.0,0,1,0,
2025-W28,East,TOYS,102.0,0,1,1,
2025-W28,North,ELECTRONICS,254.0,0,1,0,
2025-W28,North,HOME,144.0,0,1,1,
2025-W28,North,KITCHEN,278.0,0,1,1,
2025-W28,North,PET,175.0,0,1,0,
2025-W28,North,TOYS,336.0,0,1,0,
2025-W28,South,ELECTRONICS,527.0,0,1,1,
2025-W28,South,HOME,94.0,0,1,1,
2025-W28,South,KITCHEN,284.0,0,1,1,
2025-W28,South,PET,245.0,0,1,0,
2025-W28,South,TOYS,219.0,0,1,1,
2025-W28,West,BEAUTY,31.0,0,1,0,
2025-W28,West,ELECTRONICS,295.0,0,1,0,742.86
2025-W28,West,HOME,60.0,0,1,0,39.53
2025-W28,West,KITCHEN,304.0,0,1,1,
2025-W28,West,PET,238.0,0,1,0,
2025-W28,West,TOYS,322.0,0,1,0,
2025-W29,East,BEAUTY,43.0,0,1,1,
2025-W29,East,ELECTRONICS,506.0,0,1,0,743.33
2025-W29,East,HOME,93.0,0,1,0,138.46
2025-W29,East,KITCHEN,123.0,0,1,0,
2025-W29,East,PET,163.0,0,1,0,136.23
2025-W29,East,TOYS,193.0,0,1,1,
2025-W29,North,ELECTRONICS,385.0,0,1,0,
2025-W29,North,HOME,143.0,0,1,1,
2025-W29,North,KITCHEN,263.0,0,1,1,
2025-W29,North,PET,258.0,0,1,0,136.7
2025-W29,North,TOYS,128.0,0,1,0,
2025-W29,South,ELECTRONICS,242.0,0,1,1,
2025-W29,South,HOME,30.0,0,1,1,
2025-W29,South,KITCHEN,208.0,0,1,1,
2025-W29,South,PET,164.0,0,1,0,
2025-W29,South,TOYS,226.0,0,1,1,
2025-W29,West,ELECTRONICS,327.0,0,1,0,483.93
2025-W29,West,HOME,251.0,0,1,0,
2025-W29,West,KITCHEN,136.0,0,1,1,
2025-W29,West,PET,157.0,0,1,0,292.5
2025-W29,West,TOYS,265.0,0,1,0,
2025-W30,East,BEAUTY,82.0,0,1,1,74.47
2025-W30,East,ELECTRONICS,132.0,0,1,0,
2025-W30,East,KITCHEN,135.0,0,1,0,
2025-W30,East,PET,154.0,0,1,0,
2025-W30,East,TOYS,443.0,0,1,1,
2025-W30,North,BEAUTY,83.0,0,1,0,
2025-W30,North,ELECTRONICS,117.0,0,1,0,
2025-W30,North,HOME,119.0,0,1,1,
2025-W30,North,KITCHEN,97.0,0,1,1,169.44
2025-W30,North,TOYS,126.0,0,1,0,
2025-W30,South,BEAUTY,153.0,0,1,1,
2025-W30,South,ELECTRONICS,382.0,0,1,1,324.44
2025-W30,South,KITCHEN,397.0,0,1,1,157.79
2025-W30,South,TOYS,145.0,0,1,1,353.12
2025-W30,West,BEAUTY,63.0,0,1,0,
2025-W30,West,ELECTRONICS,254.0,0,1,0,551.28
2025-W30,West,HOME,104.0,0,1,0,
2025-W30,West,KITCHEN,138.0,0,1,1,
2025-W30,West,PET,41.0,0,1,0,32.26
2025-W30,West,TOYS,61.0,0,1,0,
2025-W31,East,ELECTRONICS,65.0,0,1,0,-53.57
2025-W31,East,HOME,273.0,0,1,0,
2025-W31,East,KITCHEN,168.0,0,1,0,
2025-W31,East,PET,269.0,0,1,0,860.71
2025-W31,East,TOYS,155.0,0,1,1,
2025-W31,North,BEAUTY,40.0,0,1,0,-13.04
2025-W31,North,ELECTRONICS,508.0,0,1,0,605.56
2025-W31,North,HOME,96.0,0,1,1,
2025-W31,North,KITCHEN,59.0,0,1,1,
2025-W31,North,PET,344.0,0,1,0,631.91
2025-W31,North,TOYS,385.0,0,1,0,
2025-W31,South,BEAUTY,103.0,0,1,1,
2025-W31,South,ELECTRONICS,300.0,0,1,1,
2025-W31,South,HOME,123.0,0,1,1,324.14
2025-W31,South,KITCHEN,43.0,0,1,1,
2025-W31,South,PET,33.0,0,1,0,0.0
2025-W31,South,TOYS,190.0,0,1,1,
2025-W31,West,BEAUTY,125.0,0,1,0,
2025-W31,West,ELECTRONICS,286.0,0,1,0,172.38
2025-W31,West,HOME,222.0,0,1,0,416.28
2025-W31,West,KITCHEN,206.0,0,1,1,
2025-W31,West,PET,207.0,0,1,0,
2025-W31,West,TOYS,244.0,0,1,0,351.85
2025-W32,East,ELECTRONICS,230.0,0,1,0,43.75
2025-W32,East,HOME,45.0,0,1,0,-32.84
2025-W32,East,PET,209.0,0,1,0,294.34
2025-W32,North,ELECTRONICS,425.0,0,1,0,276.11
2025-W32,North,HOME,229.0,0,1,1,638.71
2025-W32,North,KITCHEN,122.0,0,1,1,165.22
2025-W32,North,PET,123.0,0,1,0,
2025-W32,North,TOYS,126.0,0,1,0,
2025-W32,South,BEAUTY,26.0,0,1,1,
2025-W32,South,ELECTRONICS,143.0,0,1,1,333.33
2025-W32,South,HOME,30.0,0,1,1,-55.88
2025-W32,South,KITCHEN,107.0,0,1,1,67.19
2025-W32,South,PET,141.0,0,1,0,
2025-W32,South,TOYS,120.0,0,1,1,287.1
2025-W32,West,ELECTRONICS,275.0,0,1,0,219.77
2025-W32,West,HOME,77.0,0,1,0,266.67
2025-W32,West,KITCHEN,299.0,0,1,1,1007.41
2025-W32,West,TOYS,161.0,0,1,0,198.15
2025-W33,East,BEAUTY,111.0,0,1,1,136.17
2025-W33,East,ELECTRONICS,302.0,0,1,0,762.86
2025-W33,East,KITCHEN,123.0,0,1,0,179.55
2025-W33,East,PET,119.0,0,1,0,271.88
2025-W33,East,TOYS,175.0,0,1,1,573.08
2025-W33,North,BEAUTY,41.0,0,1,0,
2025-W33,North,ELECTRONICS,273.0,0,1,0,170.3
2025-W33,North,HOME,55.0,0,1,1,-43.88
2025-W33,North,KITCHEN,95.0,0,1,1,187.88
2025-W33,North,PET,423.0,0,1,0,957.5
2025-W33,North,TOYS,248.0,0,1,0,651.52
2025-W33,South,BEAUTY,75.0,0,1,1,
2025-W33,South,ELECTRONICS,365.0,0,1,1,551.79
2025-W33,South,KITCHEN,224.0,0,1,1,
2025-W33,South,PET,221.0,0,1,0,294.64
2025-W33,South,TOYS,142.0,0,1,1,425.93
2025-W33,West,BEAUTY,33.0,0,1,0,22.22
2025-W33,West,ELECTRONICS,292.0,0,1,0,630.0
2025-W33,West,HOME,86.0,0,1,0,95.45
2025-W33,West,KITCHEN,72.0,0,1,1,12.5
2025-W33,West,TOYS,162.0,0,1,0,
2025-W34,East,BEAUTY,61.0,0,1,1,
2025-W34,East,ELECTRONICS,311.0,0,1,0,409.84
2025-W34,East,HOME,35.0,0,1,0,-69.57
2025-W34,East,KITCHEN,34.0,0,1,0,17.24
2025-W34,East,PET,149.0,0,1,0,
2025-W34,East,TOYS,269.0,0,1,1,348.33
2025-W34,North,BEAUTY,93.0,0,1,0,
2025-W34,North,ELECTRONICS,144.0,0,1,0,92.0
2025-W34,North,HOME,61.0,0,1,1,-41.35
2025-W34,North,KITCHEN,84.0,0,1,1,33.33
2025-W34,North,PET,337.0,0,1,0,
2025-W34,North,TOYS,34.0,0,1,0,0.0
2025-W34,South,ELECTRONICS,303.0,0,1,1,10.58
2025-W34,South,HOME,162.0,0,1,1,
2025-W34,South,PET,126.0,0,1,0,80.0
2025-W34,South,TOYS,74.0,0,1,1,
2025-W34,West,BEAUTY,99.0,0,1,0,54.69
2025-W34,West,ELECTRONICS,269.0,0,1,0,313.85
2025-W34,West,HOME,175.0,0,1,0,
2025-W34,West,KITCHEN,114.0,0,1,1,103.57
2025-W34,West,PET,74.0,0,1,0,
2025-W34,West,TOYS,238.0,0,1,0,332.73
2025-W35,East,BEAUTY,59.0,0,1,1,
2025-W35,East,ELECTRONICS,337.0,0,1,0,301.19
2025-W35,East,HOME,314.0,0,1,0,342.25
2025-W35,East,KITCHEN,43.0,0,1,0,-15.69
2025-W35,East,PET,157.0,0,1,0,214.0
2025-W35,East,TOYS,68.0,0,1,1,
2025-W35,North,BEAUTY,30.0,0,1,0,-58.33
2025-W35,North,ELECTRONICS,221.0,0,1,0,53.47
2025-W35,North,HOME,103.0,0,1,1,
2025-W35,North,KITCHEN,80.0,0,1,1,
2025-W35,North,PET,124.0,0,1,0,
2025-W35,North,TOYS,292.0,0,1,0,394.92
2025-W35,South,BEAUTY,75.0,0,1,1,127.27
2025-W35,South,ELECTRONICS,202.0,0,1,1,215.62
2025-W35,South,HOME,97.0,0,1,1,27.63
2025-W35,South,KITCHEN,196.0,0,1,1,326.09
2025-W35,South,PET,138.0,0,1,0,475.0
2025-W35,South,TOYS,64.0,0,1,1,255.56
2025-W35,West,ELECTRONICS,89.0,0,1,0,-60.27
2025-W35,West,HOME,79.0,0,1,0,2.6
2025-W35,West,KITCHEN,48.0,0,1,1,33.33
2025-W35,West,PET,38.0,0,1,0,
2025-W35,West,TOYS,176.0,0,1,0,
2025-W36,East,ELECTRONICS,457.0,0,1,0,509.33
2025-W36,East,KITCHEN,134.0,0,1,0,112.7
2025-W36,East,PET,318.0,0,1,0,
2025-W36,North,BEAUTY,30.0,0,1,0,
2025-W36,North,ELECTRONICS,455.0,0,1,0,
2025-W36,North,HOME,89.0,0,1,1,-25.21
2025-W36,North,PET,132.0,0,1,0,-6.38
2025-W36,North,TOYS,150.0,0,1,0,
2025-W36,South,BEAUTY,28.0,0,1,1,
2025-W36,South,ELECTRONICS,401.0,0,1,1,121.55
2025-W36,South,HOME,76.0,0,1,1,
2025-W36,South,KITCHEN,159.0,0,1,1,218.0
2025-W36,South,PET,90.0,0,1,0,
2025-W36,South,TOYS,68.0,0,1,1,
2025-W36,West,BEAUTY,27.0,0,1,0,
2025-W36,West,ELECTRONICS,114.0,0,1,0,-58.39
2025-W36,West,KITCHEN,107.0,0,1,1,268.97
2025-W36,West,PET,91.0,0,1,0,333.33
2025-W36,West,TOYS,88.0,0,1,0,252.0
2025-W37,East,ELECTRONICS,228.0,0,1,0,60.56
2025-W37,East,HOME,65.0,0,1,0,
2025-W37,East,KITCHEN,198.0,0,1,0,83.33
2025-W37,East,PET,89.0,0,1,0,-42.58
2025-W37,East,TOYS,86.0,0,1,1,-59.81
2025-W37,North,ELECTRONICS,101.0,0,1,0,14.77
2025-W37,North,HOME,31.0,0,1,1,
2025-W37,North,KITCHEN,136.0,0,1,1,257.89
2025-W37,North,PET,197.0,0,1,0,258.18
2025-W37,North,TOYS,48.0,0,1,0,-74.47
2025-W37,South,BEAUTY,33.0,0,1,1,-69.44
2025-W37,South,ELECTRONICS,249.0,0,1,1,66.0
2025-W37,South,HOME,52.0,0,1,1,
2025-W37,South,KITCHEN,124.0,0,1,1,
2025-W37,South,PET,108.0,0,1,0,52.11
2025-W37,South,TOYS,134.0,0,1,1,30.1
2025-W37,West,ELECTRONICS,180.0,0,1,0,210.34
2025-W37,West,HOME,278.0,0,1,0,969.23
2025-W37,West,KITCHEN,138.0,0,1,1,18.97
2025-W37,West,PET,181.0,0,1,0,23.97
2025-W37,West,TOYS,29.0,0,1,0,-30.95
2025-W38,East,BEAUTY,97.0,0,1,1,
2025-W38,East,ELECTRONICS,164.0,0,1,0,7.89
2025-W38,East,HOME,48.0,0,1,0,29.73
2025-W38,East,KITCHEN,258.0,0,1,0,79.17
2025-W38,East,PET,124.0,0,1,0,2.48
2025-W38,East,TOYS,92.0,0,1,1,73.58
2025-W38,North,BEAUTY,52.0,0,1,0,
2025-W38,North,ELECTRONICS,668.0,0,1,0,185.47
2025-W38,North,HOME,55.0,0,1,1,57.14
2025-W38,North,KITCHEN,131.0,0,1,1,
2025-W38,North,PET,95.0,0,1,0,187.88
2025-W38,North,TOYS,147.0,0,1,0,-22.63
2025-W38,South,BEAUTY,32.0,0,1,1,-27.27
2025-W38,South,ELECTRONICS,242.0,0,1,1,384.0
2025-W38,South,HOME,61.0,0,1,1,29.79
2025-W38,South,KITCHEN,128.0,0,1,1,12.28
2025-W38,South,PET,46.0,0,1,0,-2.13
2025-W38,South,TOYS,217.0,0,1,1,205.63
2025-W38,West,BEAUTY,29.0,0,1,0,
2025-W38,West,ELECTRONICS,166.0,0,1,0,59.62
2025-W38,West,HOME,178.0,0,1,0,1.71
2025-W38,West,KITCHEN,128.0,0,1,1,93.94
2025-W38,West,PET,95.0,0,1,0,156.76
2025-W38,West,TOYS,98.0,0,1,0,
2025-W39,East,ELECTRONICS,54.0,0,1,0,-60.29
2025-W39,East,HOME,63.0,0,1,0,40.0
2025-W39,East,KITCHEN,172.0,0,1,0,-7.03
2025-W39,East,PET,217.0,0,1,0,371.74
2025-W39,North,ELECTRONICS,557.0,0,1,0,743.94
2025-W39,North,KITCHEN,74.0,0,1,1,155.17
2025-W39,North,PET,164.0,0,1,0,124.66
2025-W39,North,TOYS,93.0,0,1,0,
2025-W39,South,BEAUTY,29.0,0,1,1,
2025-W39,South,ELECTRONICS,237.0,0,1,1,383.67
2025-W39,South,HOME,112.0,0,1,1,47.37
2025-W39,South,KITCHEN,144.0,0,1,1,7.46
2025-W39,South,PET,113.0,0,1,0,
2025-W39,South,TOYS,146.0,0,1,1,231.82
2025-W39,West,BEAUTY,47.0,0,1,0,
2025-W39,West,ELECTRONICS,266.0,0,1,0,7.69
2025-W39,West,HOME,105.0,0,1,0,238.71
2025-W39,West,KITCHEN,92.0,0,1,1,
2025-W39,West,PET,78.0,0,1,0,254.55
2025-W39,West,TOYS,189.0,0,1,0,6.78
2025-W40,East,ELECTRONICS,193.0,0,1,0,-18.22
2025-W40,East,HOME,36.0,0,1,0,-75.17
2025-W40,East,KITCHEN,71.0,0,1,0,
2025-W40,East,PET,147.0,0,1,0,
2025-W40,East,TOYS,106.0,0,1,1,120.83
2025-W40,North,BEAUTY,45.0,0,1,0,
2025-W40,North,ELECTRONICS,273.0,0,1,0,32.52
2025-W40,North,HOME,65.0,0,1,1,20.37
2025-W40,North,KITCHEN,60.0,0,1,1,-55.22
2025-W40,North,PET,40.0,0,1,0,37.93
2025-W40,North,TOYS,94.0,0,1,0,-20.34
2025-W40,South,ELECTRONICS,300.0,0,1,1,147.93
2025-W40,South,KITCHEN,130.0,0,1,1,251.35
2025-W40,South,PET,97.0,0,1,0,
2025-W40,West,BEAUTY,27.0,0,1,0,
2025-W40,West,ELECTRONICS,320.0,0,1,0,20.3
2025-W40,West,KITCHEN,293.0,0,1,1,523.4
2025-W40,West,PET,36.0,0,1,0,-43.75
2025-W41,East,BEAUTY,24.0,0,1,1,
2025-W41,East,ELECTRONICS,226.0,0,1,0,-55.77
2025-W41,East,KITCHEN,138.0,0,1,0,228.57
2025-W41,East,PET,26.0,0,1,0,-87.25
2025-W41,East,TOYS,118.0,0,1,1,187.8
2025-W41,North,ELECTRONICS,200.0,0,1,0,17.65
2025-W41,North,HOME,28.0,0,1,1,-83.23
2025-W41,North,PET,83.0,0,1,0,
2025-W41,North,TOYS,57.0,0,1,0,-18.57
2025-W41,South,ELECTRONICS,231.0,0,1,1,69.85
2025-W41,South,HOME,58.0,0,1,1,65.71
2025-W41,South,KITCHEN,193.0,0,1,1,119.32
2025-W41,South,PET,295.0,0,1,0,243.02
2025-W41,South,TOYS,67.0,0,1,1,-6.94
2025-W41,West,BEAUTY,53.0,0,1,0,
2025-W41,West,ELECTRONICS,291.0,0,1,0,254.88
2025-W41,West,HOME,166.0,0,1,0,219.23
2025-W41,West,KITCHEN,103.0,0,1,1,-47.18
2025-W41,West,PET,48.0,0,1,0,-29.41
2025-W41,West,TOYS,108.0,0,1,0,3.85
2025-W42,East,BEAUTY,134.0,0,1,1,282.86
2025-W42,East,ELECTRONICS,77.0,0,1,0,-70.04
2025-W42,East,HOME,102.0,0,1,0,
2025-W42,East,KITCHEN,39.0,0,1,0,-62.86
2025-W42,East,PET,99.0,0,1,0,33.78
2025-W42,East,TOYS,73.0,0,1,1,-5.19
2025-W42,North,BEAUTY,36.0,0,1,0,56.52
2025-W42,North,ELECTRONICS,106.0,0,1,0,-23.19
2025-W42,North,HOME,60.0,0,1,1,
2025-W42,North,KITCHEN,234.0,0,1,1,225.0
2025-W42,North,PET,83.0,0,1,0,-34.65
2025-W42,North,TOYS,58.0,0,1,0,-42.57
2025-W42,South,BEAUTY,28.0,0,1,1,-42.86
2025-W42,South,ELECTRONICS,164.0,0,1,1,80.22
2025-W42,South,HOME,64.0,0,1,1,
2025-W42,South,KITCHEN,47.0,0,1,1,-64.93
2025-W42,South,PET,149.0,0,1,0,31.86
2025-W42,South,TOYS,67.0,0,1,1,-37.96
2025-W42,West,BEAUTY,54.0,0,1,0,-6.9
2025-W42,West,ELECTRONICS,252.0,0,1,0,223.08
2025-W42,West,HOME,43.0,0,1,0,-25.86
2025-W42,West,KITCHEN,145.0,0,1,1,-7.64
2025-W42,West,PET,91.0,0,1,0,-32.09
2025-W42,West,TOYS,67.0,0,1,0,59.52
2025-W43,East,BEAUTY,43.0,0,1,1,-62.28
2025-W43,East,ELECTRONICS,145.0,0,1,0,-14.71
2025-W43,East,HOME,173.0,0,1,0,124.68
2025-W43,East,KITCHEN,158.0,0,1,0,75.56
2025-W43,East,PET,76.0,0,1,0,28.81
2025-W43,East,TOYS,84.0,0,1,1,6.33
2025-W43,North,ELECTRONICS,326.0,0,1,0,334.67
2025-W43,North,KITCHEN,94.0,0,1,1,20.51
2025-W43,North,PET,68.0,0,1,0,9.68
2025-W43,North,TOYS,48.0,0,1,0,14.29
2025-W43,South,BEAUTY,65.0,0,1,1,47.73
2025-W43,South,ELECTRONICS,33.0,0,1,1,-86.96
2025-W43,South,KITCHEN,61.0,0,1,1,
2025-W43,South,PET,30.0,0,1,0,-69.39
2025-W43,South,TOYS,74.0,0,1,1,-19.57
2025-W43,West,ELECTRONICS,219.0,0,1,0,56.43
2025-W43,West,HOME,158.0,0,1,0,125.71
2025-W43,West,KITCHEN,49.0,0,1,1,-12.5
2025-W43,West,PET,109.0,0,1,0,-53.81
2025-W43,West,TOYS,43.0,0,1,0,-17.31
2025-W44,East,ELECTRONICS,160.0,0,1,0,-60.69
2025-W44,East,HOME,127.0,0,1,0,41.11
2025-W44,East,KITCHEN,153.0,0,1,0,4.08
2025-W44,East,PET,107.0,0,1,0,-70.77
2025-W44,East,TOYS,65.0,0,1,1,-67.34
2025-W44,North,ELECTRONICS,245.0,0,1,0,191.67
2025-W44,North,HOME,75.0,0,1,1,
2025-W44,North,PET,104.0,0,1,0,1.96
2025-W44,North,TOYS,211.0,0,1,0,115.31
2025-W44,South,BEAUTY,93.0,0,1,1,-40.76
2025-W44,South,ELECTRONICS,75.0,0,1,1,-24.24
2025-W44,South,HOME,31.0,0,1,1,
2025-W44,South,KITCHEN,116.0,0,1,1,9.43
2025-W44,West,BEAUTY,32.0,0,1,0,
2025-W44,West,ELECTRONICS,91.0,0,1,0,-70.36
2025-W44,West,HOME,44.0,0,1,0,-8.33
2025-W44,West,KITCHEN,91.0,0,1,1,
2025-W44,West,PET,106.0,0,1,0,16.48
2025-W45,East,BEAUTY,71.0,0,1,1,
2025-W45,East,ELECTRONICS,79.0,0,1,0,-46.98
2025-W45,East,HOME,39.0,0,1,0,
2025-W45,East,KITCHEN,216.0,0,1,0,9.09
2025-W45,East,TOYS,61.0,0,1,1,24.49
2025-W45,North,BEAUTY,35.0,0,1,0,-33.96
2025-W45,North,ELECTRONICS,99.0,0,1,0,130.23
2025-W45,North,KITCHEN,89.0,0,1,1,-37.32
2025-W45,North,PET,40.0,0,1,0,-20.0
2025-W45,North,TOYS,65.0,0,1,0,35.42
2025-W45,South,ELECTRONICS,236.0,0,1,1,34.86
2025-W45,South,HOME,58.0,0,1,1,
2025-W45,South,KITCHEN,80.0,0,1,1,-65.81
2025-W45,South,PET,46.0,0,1,0,-36.99
2025-W45,South,TOYS,39.0,0,1,1,-79.03
2025-W45,West,BEAUTY,67.0,0,1,0,-45.53
2025-W45,West,ELECTRONICS,107.0,0,1,0,-61.65
2025-W45,West,HOME,123.0,0,1,0,4.24
2025-W45,West,KITCHEN,26.0,0,1,1,-88.34
2025-W45,West,PET,38.0,0,1,0,
2025-W46,East,BEAUTY,31.0,0,1,1,-81.87
2025-W46,East,ELECTRONICS,106.0,0,1,0,60.61
2025-W46,East,HOME,55.0,0,1,0,
2025-W46,East,KITCHEN,138.0,0,1,0,-12.1
2025-W46,East,PET,30.0,0,1,0,-81.93
2025-W46,East,TOYS,116.0,0,1,1,10.48
2025-W46,North,BEAUTY,54.0,0,1,0,
2025-W46,North,ELECTRONICS,76.0,0,1,0,-54.22
2025-W46,North,HOME,71.0,0,1,1,208.7
2025-W46,North,KITCHEN,252.0,0,1,1,129.09
2025-W46,North,PET,34.0,0,1,0,-77.78
2025-W46,South,ELECTRONICS,47.0,0,1,1,-64.93
2025-W46,South,KITCHEN,109.0,0,1,1,23.86
2025-W46,South,TOYS,51.0,0,1,1,-61.94
2025-W46,West,ELECTRONICS,151.0,0,1,0,-47.39
2025-W46,West,PET,38.0,0,1,0,-71.21
2025-W46,West,TOYS,51.0,0,1,0,-52.34
2025-W47,East,ELECTRONICS,101.0,0,1,0,-72.55
2025-W47,East,HOME,50.0,0,1,0,-3.85
2025-W47,East,KITCHEN,58.0,0,1,0,-75.32
2025-W47,East,TOYS,57.0,0,1,1,-64.15
2025-W47,North,BEAUTY,62.0,0,1,0,
2025-W47,North,ELECTRONICS,216.0,0,1,0,62.41
2025-W47,North,HOME,56.0,0,1,1,21.74
2025-W47,North,KITCHEN,97.0,0,1,1,11.49
2025-W47,North,PET,122.0,0,1,0,52.5
2025-W47,North,TOYS,117.0,0,1,0,-41.79
2025-W47,South,BEAUTY,33.0,0,1,1,-43.1
2025-W47,South,ELECTRONICS,35.0,0,1,1,-33.96
2025-W47,South,HOME,42.0,0,1,1,5.0
2025-W47,South,KITCHEN,150.0,0,1,1,15.38
2025-W47,South,PET,35.0,0,1,0,-65.0
2025-W47,South,TOYS,64.0,0,1,1,-57.62
2025-W47,West,ELECTRONICS,35.0,0,1,0,-66.98
2025-W47,West,KITCHEN,49.0,0,1,1,-66.67
2025-W47,West,PET,31.0,0,1,0,-60.76
2025-W47,West,TOYS,30.0,0,1,0,-33.33
2025-W48,East,ELECTRONICS,158.0,0,1,0,618.18
2025-W48,East,HOME,91.0,0,1,0,-6.19
2025-W48,East,PET,51.0,0,1,0,-75.36
2025-W48,East,TOYS,48.0,0,1,1,-48.39
2025-W48,North,ELECTRONICS,197.0,0,1,0,8.24
2025-W48,North,HOME,27.0,0,1,1,-68.24
2025-W48,North,KITCHEN,72.0,0,1,1,-62.89
2025-W48,North,PET,50.0,0,1,0,-60.63
2025-W48,North,TOYS,91.0,0,1,0,-41.29
2025-W48,South,ELECTRONICS,73.0,0,1,1,-37.61
2025-W48,South,HOME,69.0,0,1,1,-8.0
2025-W48,South,KITCHEN,58.0,0,1,1,-65.48
2025-W48,South,PET,25.0,0,1,0,56.25
2025-W48,South,TOYS,180.0,0,1,1,500.0
2025-W48,West,ELECTRONICS,157.0,0,1,0,170.69
2025-W48,West,HOME,51.0,0,1,0,-61.94
2025-W48,West,KITCHEN,30.0,0,1,1,-70.59
2025-W48,West,PET,111.0,0,1,0,30.59
2025-W49,East,ELECTRONICS,73.0,0,1,0,-77.88
2025-W49,East,KITCHEN,61.0,0,1,0,1.67
2025-W49,East,PET,91.0,0,1,0,-40.91
2025-W49,North,ELECTRONICS,29.0,0,1,0,-90.71
2025-W49,North,PET,87.0,0,1,0,-62.34
2025-W49,North,TOYS,24.0,0,1,0,-86.74
2025-W49,South,ELECTRONICS,50.0,0,1,1,-72.07
2025-W49,South,HOME,25.0,0,1,1,-84.38
2025-W49,South,KITCHEN,71.0,0,1,1,-16.47
2025-W49,South,PET,84.0,0,1,0,-32.26
2025-W49,South,TOYS,17.0,0,1,1,-77.33
2025-W49,West,ELECTRONICS,117.0,0,1,0,-27.78
2025-W49,West,HOME,73.0,0,1,0,-63.32
2025-W49,West,PET,46.0,0,1,0,-33.33
2025-W50,East,ELECTRONICS,48.0,0,1,0,-76.12
2025-W50,East,KITCHEN,81.0,0,1,0,3.85
2025-W50,East,PET,35.0,0,1,0,-38.6
2025-W50,North,ELECTRONICS,104.0,0,1,0,-71.97
2025-W50,North,KITCHEN,43.0,0,1,1,-60.91
2025-W50,South,ELECTRONICS,92.0,0,1,1,-59.65
2025-W50,South,HOME,23.0,0,1,1,-68.06
2025-W50,West,ELECTRONICS,93.0,0,1,0,-79.87
2025-W50,West,KITCHEN,26.0,0,1,1,-55.17
2025-W50,West,PET,37.0,0,1,0,-65.42
2025-W51,East,KITCHEN,31.0,0,1,0,-79.47
2025-W51,East,TOYS,28.0,0,1,1,-47.17
2025-W51,North,ELECTRONICS,91.0,0,1,0,-68.29
2025-W51,North,KITCHEN,107.0,0,1,1,33.75
2025-W51,South,KITCHEN,39.0,0,1,1,-71.53
2025-W51,South,PET,109.0,0,1,0,45.33
2025-W51,South,TOYS,38.0,0,1,1,-68.07
2025-W51,West,ELECTRONICS,48.0,0,1,0,-88.71
2025-W51,West,KITCHEN,62.0,0,1,1,-53.03
2025-W51,West,PET,52.0,0,1,0,-70.95
2025-W52,East,HOME,71.0,0,1,0,-11.25
2025-W52,East,KITCHEN,63.0,0,1,0,61.54
2025-W52,East,PET,83.0,0,1,0,-25.89
2025-W52,East,TOYS,58.0,0,1,1,-72.77
2025-W52,North,BEAUTY,45.0,0,1,0,136.84
2025-W52,North,ELECTRONICS,149.0,0,1,0,-13.87
2025-W52,North,PET,65.0,0,1,0,-63.07
2025-W52,North,TOYS,152.0,0,1,0,100.0
2025-W52,South,ELECTRONICS,80.0,0,1,1,-67.21
2025-W52,South,TOYS,25.0,0,1,1,-85.21
2025-W52,West,BEAUTY,80.0,0,1,0,-5.88
2025-W52,West,KITCHEN,53.0,0,1,1,-5.36
2025-W52,West,PET,56.0,0,1,0,-34.12
2026-W01,East,KITCHEN,40.0,0,1,0,
2026-W01,North,ELECTRONICS,48.0,0,1,0,
2026-W01,South,ELECTRONICS,33.0,0,1,1,
2026-W01,South,TOYS,33.0,0,1,1,
2026-W01,West,ELECTRONICS,32.0,0,1,0,
2026-W02,East,ELECTRONICS,70.0,0,1,0,
2026-W02,East,HOME,46.0,0,1,0,
2026-W02,North,ELECTRONICS,36.0,0,1,0,
2026-W02,South,BEAUTY,26.0,0,1,1,
2026-W02,South,ELECTRONICS,32.0,0,1,1,
2026-W02,South,PET,31.0,0,1,0,
2026-W02,South,TOYS,61.0,0,1,1,
2026-W02,West,ELECTRONICS,32.0,0,1,0,
2026-W03,East,ELECTRONICS,37.0,0,1,0,
2026-W03,East,KITCHEN,51.0,0,1,0,
2026-W03,East,PET,54.0,0,1,0,
2026-W03,North,ELECTRONICS,36.0,0,1,0,
2026-W03,South,ELECTRONICS,77.0,0,1,1,
2026-W03,South,KITCHEN,48.0,0,1,1,
2026-W03,West,ELECTRONICS,49.0,0,1,0,
